{"keys":["chr","start","length","color"],
 "annots":[
    {"chr":"1","annots":[["virtual1",30000000,6000000,"rgba(255, 0, 0, 0.65)"], ["virtual2",40000000,5000000,"rgba(0, 255, 0, 0.65)"]]},
    {"chr":"2","annots":[["nsv531656",40738282,17125539,"rgba(255, 0, 0, 0.65)"], ["2",30000000,9000000,"rgba(255, 0, 0, 0.65)"]]},
    {"chr":"20","annots":[["observation 1",30954171,5816,"rgba(255, 0, 0, 0.65)"]]},
    {"chr":"3","annots":[[" ",30000000,9000000,"rgba(0, 255, 0, 0.65)"], ["virtual3",33000000,3000000,"rgba(255, 0, 0, 0.65)"]]},
    {"chr":"9","annots":[["a duplicate name",120000000,9000000,"rgba(0, 255, 0, 0.65)"], ["a duplicate name",12000000,12000000,"rgba(255, 0, 0, 0.65)"]]},
    {"chr":"foo", "annots": []},
    {"chr":"X","annots":[["observation 2",47422351,6720,"rgba(0, 0, 255, 0.65)"]]}
 ]
}
